{
  "sigma_belief": 0.6119149805754885,
  "bias": -2.0999341519532347e-06,
  "nll": 3754.0977282791614,
  "nll_per_trial": 0.6256829547131936,
  "true_sigma": 2.0,
  "n_trials": 6000,
  "success": false
}